<?xml version="1.0" encoding="utf-8" ?>
<ESRI_ItemInformation Culture='en-US'>
<name>Layers</name>
<guid>6C990D43-9EB2-45FB-97F2-43A1C47C87B5</guid>
<catalogpath></catalogpath>
<snippet></snippet>
<description></description>
<summary></summary>
<title>Layers</title>
<tags></tags>
<type>Tile Package</type>
<typekeywords>
<typekeyword>Data</typekeyword>
<typekeyword>Tile Package</typekeyword>
<typekeyword>ArcMap</typekeyword>
<typekeyword>ArcGlobe</typekeyword>
<typekeyword>tpk</typekeyword>
</typekeywords>
<thumbnail>thumbnail/thumbnail.png</thumbnail>
<documentation></documentation>
<url></url>
<datalastmodifiedtime></datalastmodifiedtime>
<spatialreference>None</spatialreference>
<accessinformation></accessinformation>
<licenseinfo></licenseinfo>
</ESRI_ItemInformation>
