{"name":"MapServer","contents":{"currentVersion":10.22,"serviceDescription":"","mapName":"Layers","description":"World Imagery provides one meter or better satellite and aerial imagery in many parts of the world and lower resolution satellite imagery worldwide. The map includes 15m TerraColor imagery at small and mid-scales (591M down to 72k) and 2.5m SPOT Imagery (288k to 72k) for the world, and USGS 15m Landsat imagery for Antarctica. The map features 0.3m resolution imagery in the continental United States and 0.6m resolution imagery in parts of Western Europe from Digital Globe. Recent 1m USDA NAIP imagery is available in select states of the US. In other parts of the world, 1 meter resolution imagery is available from GeoEye IKONOS, AeroGRID, and IGN Spain. Additionally, imagery at different resolutions has been contributed by the GIS User Community. For more information on this map, including the terms of use, visit us online at http://goto.arcgisonline.com/maps/World_Imagery","copyrightText":" Source: Esri, DigitalGlobe, GeoEye, Earthstar Geographics, CNES/Airbus DS, USDA, USGS, AeroGRID, IGN, and the GIS User Community","supportsDynamicLayers":false,"layers":[{"id":0,"name":"World Imagery","parentLayerId":-1,"defaultVisibility":true,"subLayerIds":null,"minScale":0,"maxScale":0},{"id":1,"name":"Low Resolution 15m Imagery","parentLayerId":-1,"defaultVisibility":true,"subLayerIds":null,"minScale":0,"maxScale":0},{"id":2,"name":"High Resolution 60cm Imagery","parentLayerId":-1,"defaultVisibility":true,"subLayerIds":null,"minScale":0,"maxScale":0},{"id":3,"name":"High Resolution 30cm Imagery","parentLayerId":-1,"defaultVisibility":true,"subLayerIds":null,"minScale":0,"maxScale":0},{"id":4,"name":"Citations","parentLayerId":-1,"defaultVisibility":true,"subLayerIds":null,"minScale":0,"maxScale":0}],"tables":[],"spatialReference":{"wkid":102100,"latestWkid":3857},"singleFusedMapCache":true,"tileInfo":{"rows":256,"cols":256,"dpi":96,"format":"JPEG","compressionQuality":75,"origin":{"x":-20037508.3427870013,"y":20037508.3427870013},"spatialReference":{"wkid":102100,"latestWkid":3857},"lods":[{"level":0,"resolution":156543.033928000135,"scale":591657527.591555},{"level":1,"resolution":78271.5169639999367,"scale":295828763.795777023},{"level":2,"resolution":39135.758482000092,"scale":147914381.897888988},{"level":3,"resolution":19567.8792409999187,"scale":73957190.9489440024},{"level":4,"resolution":9783.93962049995935,"scale":36978595.4744720012},{"level":5,"resolution":4891.96981024997967,"scale":18489297.7372360006},{"level":6,"resolution":2445.98490512498984,"scale":9244648.8686180003},{"level":7,"resolution":1222.99245256249492,"scale":4622324.43430900015},{"level":8,"resolution":611.496226281379677,"scale":2311162.21715500019},{"level":9,"resolution":305.748113140557564,"scale":1155581.108577},{"level":10,"resolution":152.874056570411057,"scale":577790.554288999992},{"level":11,"resolution":76.4370282850732394,"scale":288895.277143999992},{"level":12,"resolution":38.21851414253662,"scale":144447.638572},{"level":13,"resolution":19.10925707126831,"scale":72223.8192859999981},{"level":14,"resolution":9.55462853563415493,"scale":36111.9096429999991},{"level":15,"resolution":4.77731426794936986,"scale":18055.954822},{"level":16,"resolution":2.38865713397468493,"scale":9027.97741099999985},{"level":17,"resolution":1.19432856685505029,"scale":4513.98870499999975},{"level":18,"resolution":0.597164283559817211,"scale":2256.994353},{"level":19,"resolution":0.29858214164761665,"scale":1128.49717600000008},{"level":20,"resolution":0.149291070823808325,"scale":564.248588000000041},{"level":21,"resolution":0.0746455354119041625,"scale":282.12429400000002},{"level":22,"resolution":0.0373227677059520813,"scale":141.06214700000001},{"level":23,"resolution":0.0186613838529760406,"scale":70.5310735000000051}]},"units":"esriMeters","supportedImageFormatTypes":"PNG32,PNG24,PNG,JPG,DIB,TIFF,EMF,PS,PDF,GIF,SVG,SVGZ,BMP","documentInfo":{"Title":"World Imagery","Author":"Esri","Comments":"","Subject":"imagery, satellite, aerial, 500m (World), 15m (World)","Category":"imageryBaseMapsEarthCover (Imagery, basemaps, and land cover)","AntialiasingMode":"None","TextAntialiasingMode":"Force","Keywords":"World, Global, United States"},"capabilities":"Map,Query,Data","supportedQueryFormats":"JSON, AMF","exportTilesAllowed":false,"maxRecordCount":1000,"maxImageHeight":4096,"maxImageWidth":4096,"fullExtent":{"xmin":-11678822.172118459,"ymin":4802103.4209611695,"xmax":-11629482.070360444,"ymax":4839595.7833349984,"spatialReference":{"wkid":102100,"latestWkid":3857}},"initialExtent":{"xmin":-11678822.172118459,"ymin":4802103.4209611695,"xmax":-11629482.070360444,"ymax":4839595.7833349984,"spatialReference":{"wkid":102100,"latestWkid":3857}},"minScale":577790.55428899999,"maxScale":144447.638572},"resourceInfo":{"geoFullExtent":{"xmin":-179.999990000000025,"ymin":-85.0000000000000284,"xmax":179.999990000000025,"ymax":85},"spatialReferenceDomain":{"xmin":-22041257.7739200033,"ymin":-30241100,"xmax":40444500,"ymax":32244657.77392},"geoInitialExtent":{"xmin":-179.999995508414628,"ymin":-1.75292208677938088,"xmax":179.999995508414628,"ymax":85},"cacheInfo":{"storageInfo":{"packetSize":128,"storageFormat":"compact"},"wmtsScaleFactor":0.000280000000000035212}},"resources":[{"name":"layers","resources":[{"name":"0","contents":{"currentVersion":10.22,"id":0,"name":"World Imagery","type":"Feature Layer","description":"World Imagery provides one meter or better satellite and aerial imagery in many parts of the world and lower resolution satellite imagery worldwide. The map includes 15m TerraColor imagery at small and mid-scales (591M down to 72k) and 2.5m SPOT Imagery (288k to 72k) for the world, and USGS 15m Landsat imagery for Antarctica. The map features 0.3m resolution imagery in the continental United States and 0.6m resolution imagery in parts of Western Europe from Digital Globe. Recent 1m USDA NAIP imagery is available in select states of the US. In other parts of the world, 1 meter resolution imagery is available from GeoEye IKONOS, AeroGRID, and IGN Spain. Additionally, imagery at different resolutions has been contributed by the GIS User Community. For more information on this map, including the terms of use, visit us online at http://goto.arcgisonline.com/maps/World_Imagery","geometryType":"esriGeometryPolygon","copyrightText":"Sources: Esri, DigitalGlobe, GeoEye, Earthstar Geographics, CNES/Airbus DS, USDA, USGS, AeroGRID, IGN, and the GIS User Community","parentLayer":null,"subLayers":[],"minScale":0,"maxScale":0,"drawingInfo":{"renderer":{"type":"simple","symbol":{"type":"esriSFS","style":"esriSFSSolid","color":[0,0,0,0],"outline":{"type":"esriSLS","style":"esriSLSNull","color":[0,0,0,0],"width":0}},"label":"","description":""},"transparency":0,"labelingInfo":null},"defaultVisibility":true,"extent":{"xmin":-20033368.0311795473,"ymin":-7555723.80829069111,"xmax":20033753.164335046,"ymax":11759592.6976703759,"spatialReference":{"wkid":102100,"latestWkid":3857}},"hasAttachments":false,"htmlPopupType":"esriServerHTMLPopupTypeNone","displayField":"NICE_NAME","typeIdField":null,"fields":[{"name":"OBJECTID","type":"esriFieldTypeOID","alias":"OBJECTID","domain":null},{"name":"SHAPE","type":"esriFieldTypeGeometry","alias":"Shape","domain":null},{"name":"SRC_DATE","type":"esriFieldTypeInteger","alias":"DATE (YYYYMMDD)","domain":null},{"name":"SRC_RES","type":"esriFieldTypeSingle","alias":"RESOLUTION (M)","domain":null},{"name":"SRC_ACC","type":"esriFieldTypeSingle","alias":"ACCURACY (M)","domain":null},{"name":"SRC_DESC","type":"esriFieldTypeString","alias":"DESCRIPTION","length":25,"domain":null},{"name":"NICE_NAME","type":"esriFieldTypeString","alias":"SOURCE_INFO","length":33,"domain":null},{"name":"NICE_DESC","type":"esriFieldTypeString","alias":"SOURCE","length":25,"domain":null},{"name":"SRC_DATE2","type":"esriFieldTypeDate","alias":"SRC_DATE2","length":8,"domain":null}],"relationships":[],"canModifyLayer":false,"canScaleSymbols":false,"hasLabels":false,"capabilities":"Map,Query,Data","maxRecordCount":1000,"supportsStatistics":true,"supportsAdvancedQueries":true,"supportedQueryFormats":"JSON, AMF","ownershipBasedAccessControlForFeatures":{"allowOthersToQuery":true}}},{"name":"1","contents":{"currentVersion":10.22,"id":1,"name":"Low Resolution 15m Imagery","type":"Feature Layer","description":"World Imagery provides one meter or better satellite and aerial imagery in many parts of the world and lower resolution satellite imagery worldwide. The map includes 15m TerraColor imagery at small and mid-scales (591M down to 72k) and 2.5m SPOT Imagery (288k to 72k) for the world, and USGS 15m Landsat imagery for Antarctica. The map features 0.3m resolution imagery in the continental United States and 0.6m resolution imagery in parts of Western Europe from Digital Globe. Recent 1m USDA NAIP imagery is available in select states of the US. In other parts of the world, 1 meter resolution imagery is available from GeoEye IKONOS, AeroGRID, and IGN Spain. Additionally, imagery at different resolutions has been contributed by the GIS User Community. For more information on this map, including the terms of use, visit us online at http://goto.arcgisonline.com/maps/World_Imagery","geometryType":"esriGeometryPolygon","copyrightText":"Sources: Esri, DigitalGlobe, GeoEye, Earthstar Geographics, CNES/Airbus DS, USDA, USGS, AeroGRID, IGN, and the GIS User Community","parentLayer":null,"subLayers":[],"minScale":0,"maxScale":0,"drawingInfo":{"renderer":{"type":"simple","symbol":{"type":"esriSFS","style":"esriSFSSolid","color":[0,0,0,0],"outline":{"type":"esriSLS","style":"esriSLSNull","color":[0,0,0,0],"width":0}},"label":"","description":""},"transparency":0,"labelingInfo":null},"defaultVisibility":true,"extent":{"xmin":-20037507.0671618432,"ymin":-20037508.342354387,"xmax":20037507.0671618432,"ymax":20037508.34261214,"spatialReference":{"wkid":102100,"latestWkid":3857}},"hasAttachments":false,"htmlPopupType":"esriServerHTMLPopupTypeNone","displayField":"NICE_NAME","typeIdField":null,"fields":[{"name":"OBJECTID","type":"esriFieldTypeOID","alias":"OBJECTID","domain":null},{"name":"Shape","type":"esriFieldTypeGeometry","alias":"Shape","domain":null},{"name":"SRC_DATE","type":"esriFieldTypeString","alias":"DATE (YYYYMMDD)","length":50,"domain":null},{"name":"SRC_RES","type":"esriFieldTypeDouble","alias":"RESOLUTION (M)","domain":null},{"name":"SRC_ACC","type":"esriFieldTypeDouble","alias":"ACCURACY (M)","domain":null},{"name":"SRC_DESC","type":"esriFieldTypeString","alias":"DESCRIPTION","length":50,"domain":null},{"name":"NICE_DESC","type":"esriFieldTypeString","alias":"SOURCE","length":50,"domain":null},{"name":"NICE_NAME","type":"esriFieldTypeString","alias":"SOURCE_INFO","length":35,"domain":null},{"name":"SRC_DATE2","type":"esriFieldTypeDate","alias":"SRC_DATE2","length":8,"domain":null}],"relationships":[],"canModifyLayer":false,"canScaleSymbols":false,"hasLabels":false,"capabilities":"Map,Query,Data","maxRecordCount":1000,"supportsStatistics":true,"supportsAdvancedQueries":true,"supportedQueryFormats":"JSON, AMF","ownershipBasedAccessControlForFeatures":{"allowOthersToQuery":true}}},{"name":"2","contents":{"currentVersion":10.22,"id":2,"name":"High Resolution 60cm Imagery","type":"Feature Layer","description":"World Imagery provides one meter or better satellite and aerial imagery in many parts of the world and lower resolution satellite imagery worldwide. The map includes 15m TerraColor imagery at small and mid-scales (591M down to 72k) and 2.5m SPOT Imagery (288k to 72k) for the world, and USGS 15m Landsat imagery for Antarctica. The map features 0.3m resolution imagery in the continental United States and 0.6m resolution imagery in parts of Western Europe from Digital Globe. Recent 1m USDA NAIP imagery is available in select states of the US. In other parts of the world, 1 meter resolution imagery is available from GeoEye IKONOS, AeroGRID, and IGN Spain. Additionally, imagery at different resolutions has been contributed by the GIS User Community. For more information on this map, including the terms of use, visit us online at http://goto.arcgisonline.com/maps/World_Imagery","geometryType":"esriGeometryPolygon","copyrightText":"Sources: Esri, DigitalGlobe, GeoEye, Earthstar Geographics, CNES/Airbus DS, USDA, USGS, AeroGRID, IGN, and the GIS User Community","parentLayer":null,"subLayers":[],"minScale":0,"maxScale":0,"drawingInfo":{"renderer":{"type":"simple","symbol":{"type":"esriSFS","style":"esriSFSSolid","color":[0,0,0,0],"outline":{"type":"esriSLS","style":"esriSLSNull","color":[0,0,0,0],"width":0}},"label":"","description":""},"transparency":0,"labelingInfo":null},"defaultVisibility":true,"extent":{"xmin":-18721831.1789987646,"ymin":-5996945.97102839593,"xmax":19876566.8243092373,"ymax":10488383.2719064709,"spatialReference":{"wkid":102100,"latestWkid":3857}},"hasAttachments":false,"htmlPopupType":"esriServerHTMLPopupTypeNone","displayField":"NICE_NAME","typeIdField":null,"fields":[{"name":"OBJECTID","type":"esriFieldTypeOID","alias":"OBJECTID","domain":null},{"name":"SHAPE","type":"esriFieldTypeGeometry","alias":"Shape","domain":null},{"name":"SRC_DATE","type":"esriFieldTypeInteger","alias":"DATE (YYYYMMDD)","domain":null},{"name":"SRC_DESC","type":"esriFieldTypeString","alias":"DESCRIPTION","length":25,"domain":null},{"name":"SRC_RES","type":"esriFieldTypeSingle","alias":"RESOLUTION (M)","domain":null},{"name":"SRC_ACC","type":"esriFieldTypeSingle","alias":"ACCURACY (M)","domain":null},{"name":"NICE_NAME","type":"esriFieldTypeString","alias":"SOURCE_INFO","length":33,"domain":null},{"name":"NICE_DESC","type":"esriFieldTypeString","alias":"SOURCE","length":25,"domain":null},{"name":"SRC_DATE2","type":"esriFieldTypeDate","alias":"SRC_DATE2","length":8,"domain":null}],"relationships":[],"canModifyLayer":false,"canScaleSymbols":false,"hasLabels":false,"capabilities":"Map,Query,Data","maxRecordCount":1000,"supportsStatistics":true,"supportsAdvancedQueries":true,"supportedQueryFormats":"JSON, AMF","ownershipBasedAccessControlForFeatures":{"allowOthersToQuery":true}}},{"name":"3","contents":{"currentVersion":10.22,"id":3,"name":"High Resolution 30cm Imagery","type":"Feature Layer","description":"World Imagery provides one meter or better satellite and aerial imagery in many parts of the world and lower resolution satellite imagery worldwide. The map includes 15m TerraColor imagery at small and mid-scales (591M down to 72k) and 2.5m SPOT Imagery (288k to 72k) for the world, and USGS 15m Landsat imagery for Antarctica. The map features 0.3m resolution imagery in the continental United States and 0.6m resolution imagery in parts of Western Europe from Digital Globe. Recent 1m USDA NAIP imagery is available in select states of the US. In other parts of the world, 1 meter resolution imagery is available from GeoEye IKONOS, AeroGRID, and IGN Spain. Additionally, imagery at different resolutions has been contributed by the GIS User Community. For more information on this map, including the terms of use, visit us online at http://goto.arcgisonline.com/maps/World_Imagery","geometryType":"esriGeometryPolygon","copyrightText":"Sources: Esri, DigitalGlobe, GeoEye, Earthstar Geographics, CNES/Airbus DS, USDA, USGS, AeroGRID, IGN, and the GIS User Community","parentLayer":null,"subLayers":[],"minScale":0,"maxScale":0,"drawingInfo":{"renderer":{"type":"simple","symbol":{"type":"esriSFS","style":"esriSFSSolid","color":[0,0,0,0],"outline":{"type":"esriSLS","style":"esriSLSNull","color":[0,0,0,0],"width":0}},"label":"","description":""},"transparency":0,"labelingInfo":null},"defaultVisibility":true,"extent":{"xmin":-17621309.3203854114,"ymin":-5891024.01563369762,"xmax":19876566.8243092373,"ymax":9578616.44268170558,"spatialReference":{"wkid":102100,"latestWkid":3857}},"hasAttachments":false,"htmlPopupType":"esriServerHTMLPopupTypeNone","displayField":"NICE_NAME","typeIdField":null,"fields":[{"name":"OBJECTID","type":"esriFieldTypeOID","alias":"OBJECTID","domain":null},{"name":"SHAPE","type":"esriFieldTypeGeometry","alias":"Shape","domain":null},{"name":"SRC_DATE","type":"esriFieldTypeInteger","alias":"DATE (YYYYMMDD)","domain":null},{"name":"SRC_RES","type":"esriFieldTypeSingle","alias":"RESOLUTION (M)","domain":null},{"name":"SRC_ACC","type":"esriFieldTypeSingle","alias":"ACCURACY (M)","domain":null},{"name":"SRC_DESC","type":"esriFieldTypeString","alias":"DESCRIPTION","length":25,"domain":null},{"name":"NICE_NAME","type":"esriFieldTypeString","alias":"SOURCE_INFO","length":33,"domain":null},{"name":"NICE_DESC","type":"esriFieldTypeString","alias":"SOURCE","length":25,"domain":null},{"name":"SRC_DATE2","type":"esriFieldTypeDate","alias":"SRC_DATE2","length":8,"domain":null}],"relationships":[],"canModifyLayer":false,"canScaleSymbols":false,"hasLabels":false,"capabilities":"Map,Query,Data","maxRecordCount":1000,"supportsStatistics":true,"supportsAdvancedQueries":true,"supportedQueryFormats":"JSON, AMF","ownershipBasedAccessControlForFeatures":{"allowOthersToQuery":true}}},{"name":"4","contents":{"currentVersion":10.22,"id":4,"name":"Citations","type":"Feature Layer","description":"World Imagery provides one meter or better satellite and aerial imagery in many parts of the world and lower resolution satellite imagery worldwide. The map includes 15m TerraColor imagery at small and mid-scales (591M down to 72k) and 2.5m SPOT Imagery (288k to 72k) for the world, and USGS 15m Landsat imagery for Antarctica. The map features 0.3m resolution imagery in the continental United States and 0.6m resolution imagery in parts of Western Europe from Digital Globe. Recent 1m USDA NAIP imagery is available in select states of the US. In other parts of the world, 1 meter resolution imagery is available from GeoEye IKONOS, AeroGRID, and IGN Spain. Additionally, imagery at different resolutions has been contributed by the GIS User Community. For more information on this map, including the terms of use, visit us online at http://goto.arcgisonline.com/maps/World_Imagery","geometryType":"esriGeometryPolygon","copyrightText":"Sources: Esri, DigitalGlobe, GeoEye, Earthstar Geographics, CNES/Airbus DS, USDA, USGS, AeroGRID, IGN, and the GIS User Community","parentLayer":null,"subLayers":[],"minScale":0,"maxScale":0,"drawingInfo":{"renderer":{"type":"simple","symbol":{"type":"esriSFS","style":"esriSFSSolid","color":[0,0,0,0],"outline":{"type":"esriSLS","style":"esriSLSNull","color":[0,0,0,0],"width":0}},"label":"","description":""},"transparency":0,"labelingInfo":null},"defaultVisibility":true,"extent":{"xmin":-20037507.0672000013,"ymin":-20037508.3423999995,"xmax":20037507.0671999976,"ymax":20037508.3426000029,"spatialReference":{"wkid":102100,"latestWkid":3857}},"hasAttachments":false,"htmlPopupType":"esriServerHTMLPopupTypeAsHTMLText","displayField":"NICE_NAME","typeIdField":null,"fields":[{"name":"OBJECTID","type":"esriFieldTypeOID","alias":"OBJECTID","domain":null},{"name":"Shape","type":"esriFieldTypeGeometry","alias":"Shape","domain":null},{"name":"SRC_DATE","type":"esriFieldTypeInteger","alias":"DATE (YYYYMMDD)","domain":null},{"name":"SRC_RES","type":"esriFieldTypeDouble","alias":"RESOLUTION (M)","domain":null},{"name":"SRC_ACC","type":"esriFieldTypeDouble","alias":"ACCURACY (M)","domain":null},{"name":"SRC_DESC","type":"esriFieldTypeString","alias":"DESCRIPTION","length":25,"domain":null},{"name":"MinMapLevel","type":"esriFieldTypeSmallInteger","alias":"FROM_CACHE_LEVEL","domain":null},{"name":"MaxMapLevel","type":"esriFieldTypeSmallInteger","alias":"TO_CACHE_LEVEL","domain":null},{"name":"NICE_NAME","type":"esriFieldTypeString","alias":"SOURCE_INFO","length":50,"domain":null},{"name":"DrawOrder","type":"esriFieldTypeSmallInteger","alias":"DRAW_ORDER","domain":null},{"name":"SRC_DATE2","type":"esriFieldTypeDate","alias":"DATE","length":8,"domain":null},{"name":"NICE_DESC","type":"esriFieldTypeString","alias":"SOURCE","length":25,"domain":null}],"relationships":[],"canModifyLayer":false,"canScaleSymbols":false,"hasLabels":false,"capabilities":"Map,Query,Data","maxRecordCount":1000,"supportsStatistics":true,"supportsAdvancedQueries":true,"hasZ":true,"hasM":true,"supportedQueryFormats":"JSON, AMF","ownershipBasedAccessControlForFeatures":{"allowOthersToQuery":true}}}]},{"name":"tables","resources":[]},{"name":"legend","contents":{"layers":[{"layerId":0,"layerName":"World Imagery","layerType":"Feature Layer","minScale":0,"maxScale":0,"legend":[{"label":"","url":"2fa9a046f28bd9638488536e0a3a46be","imageData":"iVBORw0KGgoAAAANSUhEUgAAABQAAAAUCAYAAACNiR0NAAAAAXNSR0IB2cksfwAAAAlwSFlzAAAOxAAADsQBlSsOGwAAABtJREFUOI1jYaAyYBk1cNTAUQNHDRw1cKQaCAAQKwBR5g8A3AAAAABJRU5ErkJggg==","contentType":"image/png","height":20,"width":20}]},{"layerId":1,"layerName":"Low Resolution 15m Imagery","layerType":"Feature Layer","minScale":0,"maxScale":0,"legend":[{"label":"","url":"2fa9a046f28bd9638488536e0a3a46be","imageData":"iVBORw0KGgoAAAANSUhEUgAAABQAAAAUCAYAAACNiR0NAAAAAXNSR0IB2cksfwAAAAlwSFlzAAAOxAAADsQBlSsOGwAAABtJREFUOI1jYaAyYBk1cNTAUQNHDRw1cKQaCAAQKwBR5g8A3AAAAABJRU5ErkJggg==","contentType":"image/png","height":20,"width":20}]},{"layerId":2,"layerName":"High Resolution 60cm Imagery","layerType":"Feature Layer","minScale":0,"maxScale":0,"legend":[{"label":"","url":"2fa9a046f28bd9638488536e0a3a46be","imageData":"iVBORw0KGgoAAAANSUhEUgAAABQAAAAUCAYAAACNiR0NAAAAAXNSR0IB2cksfwAAAAlwSFlzAAAOxAAADsQBlSsOGwAAABtJREFUOI1jYaAyYBk1cNTAUQNHDRw1cKQaCAAQKwBR5g8A3AAAAABJRU5ErkJggg==","contentType":"image/png","height":20,"width":20}]},{"layerId":3,"layerName":"High Resolution 30cm Imagery","layerType":"Feature Layer","minScale":0,"maxScale":0,"legend":[{"label":"","url":"2fa9a046f28bd9638488536e0a3a46be","imageData":"iVBORw0KGgoAAAANSUhEUgAAABQAAAAUCAYAAACNiR0NAAAAAXNSR0IB2cksfwAAAAlwSFlzAAAOxAAADsQBlSsOGwAAABtJREFUOI1jYaAyYBk1cNTAUQNHDRw1cKQaCAAQKwBR5g8A3AAAAABJRU5ErkJggg==","contentType":"image/png","height":20,"width":20}]},{"layerId":4,"layerName":"Citations","layerType":"Feature Layer","minScale":0,"maxScale":0,"legend":[{"label":"","url":"2fa9a046f28bd9638488536e0a3a46be","imageData":"iVBORw0KGgoAAAANSUhEUgAAABQAAAAUCAYAAACNiR0NAAAAAXNSR0IB2cksfwAAAAlwSFlzAAAOxAAADsQBlSsOGwAAABtJREFUOI1jYaAyYBk1cNTAUQNHDRw1cKQaCAAQKwBR5g8A3AAAAABJRU5ErkJggg==","contentType":"image/png","height":20,"width":20}]}]}}]}